{"cameraMode":{"drawMode":0,"name":"Shaded","section":"Shading Mode"},"sceneLighting":false,"audioPlay":false,"sceneViewState":{"showFog":true,"showMaterialUpdate":false,"showSkybox":false,"showFlares":true,"showImageEffects":true,"showParticleSystems":true},"in2DMode":false,"pivot":{"x":5.421653747558594,"y":0.46701812744140627,"z":-10.344574928283692},"rotation":{"x":0.20698030292987824,"y":0.010861576534807682,"z":-0.0022978775668889286,"w":0.9782838821411133},"size":84.6582260131836,"orthographic":false}